,student_id,sum,mean,std,median,var,skew,linear_m,linear_c,poly_a,poly_b,poly_c,iqr,kurtosis,mcr,sum,mean,std,median,var,skew,linear_m,linear_c,poly_a,poly_b,poly_c,iqr,kurtosis,mcr,sum,sum,mean,std,median,var,skew,linear_m,linear_c,poly_a,poly_b,poly_c,iqr,kurtosis,mcr,sum,mean,std,median,var,skew,linear_m,linear_c,poly_a,poly_b,poly_c,iqr,kurtosis,mcr,mean,mean,min,min,max,max,sum,mean,std,median,var,skew,linear_m,linear_c,poly_a,poly_b,poly_c,iqr,kurtosis,mcr,sum,mean,std,median,var,skew,linear_m,linear_c,poly_a,poly_b,poly_c,iqr,kurtosis,mcr,sum,sum,mean,mean,min,min,max,max,sum,dow,stress_level,stress_level,stress_level
,,activity_inference,activity_inference,activity_inference,activity_inference,activity_inference,activity_inference,activity_inference,activity_inference,activity_inference,activity_inference,activity_inference,activity_inference,activity_inference,activity_inference,audio_activity_inference,audio_activity_inference,audio_activity_inference,audio_activity_inference,audio_activity_inference,audio_activity_inference,audio_activity_inference,audio_activity_inference,audio_activity_inference,audio_activity_inference,audio_activity_inference,audio_activity_inference,audio_activity_inference,audio_activity_inference,call_recorded,conv_duration_min,conv_duration_min,conv_duration_min,conv_duration_min,conv_duration_min,conv_duration_min,conv_duration_min,conv_duration_min,conv_duration_min,conv_duration_min,conv_duration_min,conv_duration_min,conv_duration_min,conv_duration_min,dark_duration_min,dark_duration_min,dark_duration_min,dark_duration_min,dark_duration_min,dark_duration_min,dark_duration_min,dark_duration_min,dark_duration_min,dark_duration_min,dark_duration_min,dark_duration_min,dark_duration_min,dark_duration_min,latitude,longitude,latitude,longitude,latitude,longitude,phonecharge_duration_min,phonecharge_duration_min,phonecharge_duration_min,phonecharge_duration_min,phonecharge_duration_min,phonecharge_duration_min,phonecharge_duration_min,phonecharge_duration_min,phonecharge_duration_min,phonecharge_duration_min,phonecharge_duration_min,phonecharge_duration_min,phonecharge_duration_min,phonecharge_duration_min,phonelock_duration_min,phonelock_duration_min,phonelock_duration_min,phonelock_duration_min,phonelock_duration_min,phonelock_duration_min,phonelock_duration_min,phonelock_duration_min,phonelock_duration_min,phonelock_duration_min,phonelock_duration_min,phonelock_duration_min,phonelock_duration_min,phonelock_duration_min,hours_slept,sleep_rating,hours_slept,sleep_rating,hours_slept,sleep_rating,hours_slept,sleep_rating,sms_instance,,min,max,mean
time,,,,,,,,,,,,,,,,,,,,,,,,,,,,,,,,,,,,,,,,,,,,,,,,,,,,,,,,,,,,,,,,,,,,,,,,,,,,,,,,,,,,,,,,,,,,,,,,,,,,,,,,,
2013-03-24,35,0.0,0.0,0.0,0.0,0.0,0.0,0.0,0.0,0.0,0.0,0.0,0.0,-3.0,0.0,0.0,0.0,0.0,0.0,0.0,0.0,0.0,0.0,0.0,0.0,0.0,0.0,-3.0,0.0,24,20.0,4.0,0.0,4.0,0.0,0.0,4.864753555590496e-16,3.999999999999998,5.88019519412841e-17,-8.215201798443774e-16,3.9999999999999982,0.0,-3.0,0.0,505.0,101.0,0.0,101.0,0.0,0.0,-2.594535229648264e-15,100.99999999999996,1.6307741338382786e-14,-6.01100187220037e-14,100.99999999999997,0.0,-3.0,0.0,43.7065952,-72.2870184,43.7065952,-72.2870184,43.7065952,-72.2870184,2450.0,490.0,0.0,490.0,0.0,0.0,0.0,489.9999999999997,-4.014213252524994e-14,1.881469734340252e-13,489.99999999999943,0.0,-3.0,0.0,525.0,105.0,0.0,105.0,0.0,0.0,7.783605688944793e-15,104.9999999999999,3.136104103535152e-15,-1.353099380525221e-14,104.99999999999996,0.0,-3.0,0.0,35.0,10.0,7.0,2.0,7.0,2.0,7.0,2.0,24,6,1.0,1.0,1.0
2013-03-25,35,0.0,0.0,0.0,0.0,0.0,0.0,0.0,0.0,0.0,0.0,0.0,0.0,0.0,0.0,0.0,0.0,0.0,0.0,0.0,0.0,0.0,0.0,0.0,0.0,0.0,0.0,0.0,0.0,24,0.0,0.0,0.0,0.0,0.0,0.0,0.0,0.0,0.0,0.0,0.0,0.0,0.0,0.0,0.0,0.0,0.0,0.0,0.0,0.0,0.0,0.0,0.0,0.0,0.0,0.0,0.0,0.0,0.0,0.0,0.0,0.0,0.0,0.0,0.0,0.0,0.0,0.0,0.0,0.0,0.0,0.0,0.0,0.0,0.0,0.0,0.0,0.0,0.0,0.0,0.0,0.0,0.0,0.0,0.0,0.0,0.0,0.0,0.0,0.0,0.0,0.0,0.0,0.0,0.0,0.0,0.0,0.0,0.0,0.0,24,0,1.0,1.0,1.0
2013-03-26,35,0.0,0.0,0.0,0.0,0.0,0.0,0.0,0.0,0.0,0.0,0.0,0.0,0.0,0.0,0.0,0.0,0.0,0.0,0.0,0.0,0.0,0.0,0.0,0.0,0.0,0.0,0.0,0.0,24,0.0,0.0,0.0,0.0,0.0,0.0,0.0,0.0,0.0,0.0,0.0,0.0,0.0,0.0,0.0,0.0,0.0,0.0,0.0,0.0,0.0,0.0,0.0,0.0,0.0,0.0,0.0,0.0,0.0,0.0,0.0,0.0,0.0,0.0,0.0,0.0,0.0,0.0,0.0,0.0,0.0,0.0,0.0,0.0,0.0,0.0,0.0,0.0,0.0,0.0,0.0,0.0,0.0,0.0,0.0,0.0,0.0,0.0,0.0,0.0,0.0,0.0,0.0,0.0,0.0,0.0,0.0,0.0,0.0,0.0,24,1,1.0,1.0,1.0
2013-03-27,35,6.0,0.0011890606420927466,0.05971997030765805,0.0,0.003566474853547559,50.214533805588474,1.3824833973341836e-06,-0.0022982537276827306,1.308724531116064e-09,-5.22003186214636e-06,0.003252260767120579,0.0,2518.0003965107107,2.0,2385.0,0.1499622736418511,0.40646074379793384,0.0,0.1652103362487696,2.762150603596426,3.907177463055789e-05,-0.16071694233303013,4.755692603864325e-09,-3.655800484869644e-05,0.03972718321348706,0.0,7.26013869078375,1035.0,20,40.0,6.666666666666667,10.500793620801556,2.5,110.26666666666665,2.398045270267737,0.2285714285714287,6.095238095238094,-1.7857142857142811,9.15714285714284,0.14285714285715925,1.75,1.1320824237603588,2.0,0.0,0.0,0.0,0.0,0.0,0.0,0.0,0.0,0.0,0.0,0.0,0.0,0.0,0.0,43.70660223152173,-72.28701763260868,43.70649515,-72.2870641,43.7066331,-72.2867869,0.0,0.0,0.0,0.0,0.0,0.0,0.0,0.0,0.0,0.0,0.0,0.0,0.0,0.0,0.0,0.0,0.0,0.0,0.0,0.0,0.0,0.0,0.0,0.0,0.0,0.0,0.0,0.0,0.0,0.0,0.0,0.0,0.0,0.0,0.0,0.0,20,2,1.0,1.0,1.0
2013-03-28,35,214.0,0.09133589415279555,0.3868317734418849,0.0,0.14963882094419376,4.711573339290167,-0.00012540143395604905,0.23818097331532903,2.582433765833079e-08,-0.00018588203275185972,0.26177848694549444,0.0,23.309802986783154,26.0,8695.0,0.673352435530086,0.7421731510517131,1.0,0.5508209861420289,0.6066324297593394,-8.915244611021142e-05,1.2489206276176115,-1.1621171339291933e-08,6.0900118222725923e-05,0.9260325179338532,1.0,-0.9646407883063866,1844.0,7,134.0,22.333333333333332,20.13620288601271,19.0,405.46666666666664,0.9275863245543852,1.999999999999998,17.333333333333336,-5.928571428571412,31.642857142857086,-2.4285714285713835,23.0,-0.741479079998542,2.0,392.0,196.0,134.35028842544403,196.0,18050.0,0.0,189.99999999999997,100.99999999999999,95.0,94.99999999999997,100.99999999999994,95.0,-2.0,1.0,43.70572808625,-72.28413946250001,43.70525119,-72.2870611,43.7066485,-72.28290934,0.0,0.0,0.0,0.0,0.0,0.0,0.0,0.0,0.0,0.0,0.0,0.0,0.0,0.0,388.0,129.33333333333334,23.115651263447745,132.0,534.3333333333333,-0.5122200237237352,22.99999999999999,106.33333333333333,-4.000000000000007,31.000000000000007,104.99999999999997,23.0,-1.4999999999999998,1.0,0.0,0.0,0.0,0.0,0.0,0.0,0.0,0.0,7,3,1.0,1.0,1.0
2013-03-29,35,619.0,0.075185230171262,0.3548327228984835,0.0,0.12590626123955198,4.873036175990008,2.15774464118322e-05,-0.013627539259839342,-6.914800225062227e-09,7.85000818645444e-05,-0.09171590799505155,0.0,23.063101503607193,30.0,19568.0,0.5309600043414555,0.7171220910183165,0.0,0.5142640934264826,0.9701693211330621,1.4442363625266252e-05,0.26483779100048715,-2.2032973881302176e-09,9.56404822700292e-05,-0.23388105371564688,1.0,-0.4352428907792891,5164.0,26,300.0,8.571428571428571,13.247165544296001,4.0,175.48739495798316,3.4509220437144035,-0.41792717086834713,15.676190476190481,0.003723356664533128,-0.5445212974624737,16.372458172458163,7.0,11.786193077289717,14.0,1835.0,305.8333333333333,113.81812978021851,314.0,12954.566666666666,0.7600596658952069,-23.742857142857144,365.19047619047615,-25.80357142857138,105.27499999999984,279.17857142857144,59.25,-0.2482686538384815,1.0,43.70605390999999,-72.2837376691781,43.7016999,-72.2875397,43.7088916,-72.2831015,1470.0,490.0,0.0,490.0,0.0,0.0,-5.084229945850415e-14,490.0000000000001,6.885780292298435e-14,-1.2682400935913001e-13,489.99999999999983,0.0,-3.0,0.0,1620.0,180.0,127.68907549199344,122.0,16304.5,1.8200899443757759,11.583333333333323,133.66666666666674,-5.925324675324676,58.985930735930765,78.36363636363609,132.0,1.2225398950034627,3.0,27.0,7.0,6.75,1.75,6.0,1.0,7.0,2.0,26,4,1.0,4.0,2.5
2013-03-30,35,686.0,0.08305084745762711,0.4274494761782719,0.0,0.182713054685079,5.748836309880334,4.6258431209271405e-05,-0.10797334422105907,1.422108443648499e-08,-7.119350515165817e-05,0.053679670857033575,0.0,33.721478947552605,86.0,12265.0,0.40838411081144077,0.6765481486728178,0.0,0.4577173974726171,1.3816401723388916,4.2366889685187285e-05,-0.22779710470133227,1.992346337166829e-10,3.638347516540788e-05,-0.19784911779408254,1.0,0.5151535784756587,1856.0,25,158.0,13.166666666666666,18.929694486000912,4.0,358.33333333333337,1.6528644926778244,0.027972027972027344,13.012820512820518,0.2657342657342661,-2.895104895104901,17.88461538461541,13.25,0.48064891364105744,6.0,348.0,174.0,0.0,174.0,0.0,0.0,-1.4210854715202004e-14,173.99999999999994,0.0,0.0,173.99999999999994,0.0,-3.0,0.0,43.70475057897059,-72.28367909411764,43.65443407,-72.3088142,43.7081347,-72.2830554,196.0,98.0,0.0,98.0,0.0,0.0,-2.842170943040401e-14,97.99999999999999,2.842170943040401e-14,1.5072887603364236e-14,97.99999999999994,0.0,-3.0,0.0,929.0,185.8,146.93774191813347,115.0,21590.699999999997,0.5144542509229482,85.1,15.600000000000001,12.214285714285712,36.24285714285711,40.02857142857142,281.0,-1.806492317547534,1.0,6.0,1.0,6.0,1.0,6.0,1.0,6.0,1.0,25,5,5.0,5.0,5.0
2013-03-31,35,151.0,0.018212519599565793,0.1946974732670096,0.0,0.03790710609655791,12.192143613921514,-1.413481383235828e-06,0.02407139993307831,3.208168323714676e-09,-2.800919678683049e-05,0.06081338076314432,0.0,160.04802955313903,28.0,8040.0,0.27288463496588944,0.5403420880853907,0.0,0.29196957215648023,1.864837495576718,-2.7640919078518565e-05,0.6800630139115461,1.630288928206398e-09,-7.56724914813355e-05,0.9159060396714451,0.0,2.520606226837513,2676.0,25,149.0,8.277777777777779,6.08571669669385,6.0,37.035947712418306,1.2936202816552873,-0.34984520123839,11.251461988304092,-0.06514447884416934,0.7576109391124882,8.298245614035086,7.25,0.7157841233603817,6.0,802.0,267.3333333333333,43.87862045841157,242.0,1925.333333333334,1.7320508075688812,38.0,229.3333333333334,38.00000000000003,-38.00000000000003,241.99999999999991,38.0,-1.4999999999999984,1.0,43.70579935410957,-72.28352048027398,43.7052818,-72.2852751,43.7081764,-72.2831076,98.0,98.0,0.0,98.0,0.0,0.0,inf,0.0,inf,,0.0,0.0,-3.0,0.0,798.0,266.0,45.033320996790806,240.0,2028.0,1.7320508075688774,39.00000000000001,226.99999999999997,38.99999999999992,-38.99999999999986,239.9999999999999,39.0,-1.5,1.0,6.0,1.0,6.0,1.0,6.0,1.0,6.0,1.0,25,6,4.0,4.0,4.0
2013-04-01,35,126.0,0.015296831370644652,0.15191532528755688,0.0,0.023078266057224222,11.336039496815387,2.473518846212132e-06,0.0051108807619430945,-2.8467887356991286e-09,2.5919670873430163e-05,-0.02706896289541368,0.0,142.85209768302903,22.0,11377.0,0.35590940374147534,0.6053057734890293,0.0,0.36639507941915195,1.4928954217868489,2.067715552814491e-05,0.025436765512899126,-1.0767721322210287e-09,5.5096176734590046e-05,-0.15792483346090294,1.0,1.0980160503244027,3908.0,24,199.0,6.419354838709677,13.12192616335571,3.0,172.18494623655909,4.346614620599547,-0.20967741935483858,9.564516129032254,0.06488269794721419,-2.156158357771264,18.972507331378328,4.0,17.386499915827375,8.0,118.0,118.0,0.0,118.0,0.0,0.0,inf,0.0,inf,,0.0,0.0,-3.0,0.0,43.706503075000015,-72.28387052916669,43.705291,-72.2852031,43.7090292,-72.2831207,570.0,570.0,0.0,570.0,0.0,0.0,inf,0.0,inf,,0.0,0.0,-3.0,0.0,829.0,207.25,240.2642642314222,101.0,57726.916666666664,1.9457938349924697,-137.10000000000008,412.9,134.25000000000037,-539.8500000000012,547.1500000000007,150.25,-0.6911805726784017,1.0,6.0,3.0,6.0,3.0,6.0,3.0,6.0,3.0,24,0,4.0,4.0,4.0
2013-04-02,35,1252.0,0.15354427274957078,0.584118966958021,0.0,0.3411949675601056,4.019196883887522,2.759086057426577e-05,0.04107012961857628,4.545656948242273e-09,-9.469880524753505e-06,0.09142332319177716,0.0,15.366505896405862,130.0,35694.0,0.7349737465252754,0.7308470202519106,1.0,0.5341373670110966,0.4566724182573692,1.2389494918550464e-05,0.43413203091303343,-2.7270271518589904e-11,1.3713848384579269e-05,0.4234129346845738,1.0,-1.0254935384007615,6915.0,25,550.0,14.473684210526315,15.066944025779087,8.5,227.01280227596013,1.5433668042106354,0.029762556078345603,13.923076923076922,-0.01687821424663527,0.6542564832038514,10.176113360323878,17.25,1.7792563328861393,18.0,611.0,203.66666666666666,96.36562319278246,185.0,9286.333333333334,0.8389727103385604,33.49999999999998,170.16666666666674,-156.49999999999991,346.49999999999994,118.00000000000004,95.0,-1.4999999999999998,2.0,43.70619247125001,-72.28409836171879,43.69808569,-72.2871043,43.708187,-72.28110385,1050.0,525.0,63.63961030678928,525.0,4050.0,0.0,-90.00000000000011,569.9999999999999,-45.0,-44.999999999999986,570.0,45.0,-2.0,1.0,1541.0,220.14285714285714,151.56453913699445,178.0,22971.809523809527,0.9702015591761783,43.85714285714285,88.57142857142871,-16.666666666666657,143.85714285714283,5.238095238095625,152.0,-0.8242782083197673,2.0,12.0,4.0,6.0,2.0,6.0,1.0,6.0,3.0,25,1,1.0,1.0,1.0
2013-04-03,35,850.0,0.10331834204448766,0.49310581438932444,0.0,0.24315334418455886,5.1406194250723924,1.4416014977426113e-05,0.04402527244233412,-6.260587166304823e-09,6.591560500744953e-05,-0.026572082223822988,0.0,25.98692899127382,110.0,22193.0,0.5519685626880891,0.7013882824544069,0.0,0.49194552276434284,0.8785242190223332,4.738901419451621e-06,0.4567024274528525,-3.2490156399381893e-12,4.869531342270941e-06,0.45582709811169525,1.0,-0.5078425830761351,4721.0,27,404.0,8.782608695652174,10.169481672529958,5.5,103.4183574879227,1.793700594169918,-0.3235275979031757,16.061979648473628,-0.010857301040002239,0.16505094889692434,12.479070305272904,9.75,2.4911507182406822,14.0,764.0,191.0,0.0,191.0,0.0,0.0,-4.5576128157863035e-14,191.00000000000009,-1.1943521404825842e-14,-3.1216228593296717e-14,191.0,0.0,-3.0,0.0,43.705657316086956,-72.28357106913042,43.64103289,-72.2853889,43.708188,-72.24899344,1639.0,409.75,140.5,480.0,19740.25,-2.0,-84.30000000000014,536.2000000000002,-70.25000000000014,126.45000000000024,465.9499999999999,70.25,-0.6666666666666665,1.0,1992.0,249.0,193.09657095423967,187.0,37286.28571428572,1.221813361504336,-32.5238095238095,362.83333333333314,-21.404761904761884,117.30952380952371,212.99999999999986,144.5,-0.7784741850155767,2.0,22.0,6.0,5.5,1.5,5.0,1.0,6.0,2.0,27,2,1.0,1.0,1.0
2013-04-04,35,625.0,0.07610813443740867,0.3575026056076702,0.0,0.1278081130162734,4.808979670964776,2.6246492153772694e-05,-0.03164683909990512,3.356768733874418e-09,-1.3159359200701574e-06,0.006067749981136544,0.0,22.196740459960882,36.0,14182.0,0.42015761094981335,0.6355892650042886,0.0,0.40397371378869174,1.2378859420398487,2.0157944017502007e-05,0.07996206873844011,-4.780709887241676e-10,3.629427409990885e-05,-0.010810166751792165,1.0,0.36641952044434056,4148.0,26,240.0,12.631578947368421,22.65492471925448,3.0,513.2456140350877,2.9836436022911226,0.7859649122807019,5.557894736842103,-0.25563909774436044,5.387468671679191,-7.479699248120266,9.0,6.755193274507361,3.0,519.0,173.0,31.176914536239792,191.0,972.0,-1.7320508075688774,-27.0,200.00000000000003,-26.999999999999986,27.00000000000001,190.99999999999994,27.0,-1.5,1.0,43.70602923287671,-72.28408683972602,43.702268,-72.2879689,43.7089138,-72.2831405,398.0,199.0,0.0,199.0,0.0,0.0,-2.842170943040401e-14,198.99999999999997,0.0,1.0048591735576156e-14,198.99999999999997,0.0,-3.0,0.0,1763.0,220.375,170.65247685616185,147.5,29122.26785714286,0.98514882167784,0.48809523809525057,218.66666666666654,-13.45833333333332,94.69642857142848,124.45833333333331,225.25,-1.0512149834657927,3.0,17.0,5.0,5.666666666666667,1.6666666666666667,5.0,1.0,7.0,2.0,26,3,4.0,4.0,4.0
2013-04-05,35,736.0,0.08917969223312734,0.4069148652082371,0.0,0.16557970752743778,4.9411648835557935,3.3636941189804365e-05,-0.049606327116005496,5.184145872674376e-10,2.9358984015673515e-05,-0.043723423008713264,0.0,24.96687081853121,78.0,23291.0,0.6106872230525184,0.7339358311063415,0.0,0.5386618041817564,0.7558596533463193,3.4032353925317854e-05,-0.038275733949367306,-7.813272678680475e-10,6.383061326726935e-05,-0.2276784367033672,1.0,-0.7848425965153849,3929.0,26,399.0,14.777777777777779,23.03564684659464,4.0,530.6410256410256,2.063143744348462,0.6031746031746029,6.936507936507944,0.23791840343564527,-5.582703886152173,32.711001642036194,13.5,2.414782737419957,8.0,470.0,117.5,32.67516896156264,132.0,1067.6666666666667,-1.8803429778909149,-9.80000000000003,132.20000000000005,14.500000000000039,-53.30000000000012,146.70000000000002,24.5,-0.7267622679292329,2.0,43.70618452757143,-72.28384184342856,43.7003413,-72.2884134,43.70969064,-72.28281316,398.0,199.0,0.0,199.0,0.0,0.0,-2.842170943040401e-14,198.99999999999997,0.0,1.0048591735576156e-14,198.99999999999997,0.0,-3.0,0.0,1823.0,303.8333333333333,207.56340396771938,211.5,43082.566666666666,0.7647669328594476,-66.71428571428571,470.61904761904754,-32.60714285714283,96.32142857142853,361.92857142857133,326.25,-1.5164426653807506,2.0,21.0,3.0,7.0,1.0,7.0,1.0,7.0,1.0,26,4,4.0,4.0,4.0
2013-04-06,35,2115.0,0.26182223322604603,0.7290676770321588,0.0,0.5315396776930682,2.9475719750761784,9.139816191083508e-05,-0.10728924365086148,5.3096877580583903e-08,-0.0003374653183075408,0.4699610007230722,0.0,7.673924807669357,174.0,30690.0,0.7536466774716369,0.7919343578979646,1.0,0.6271600272192615,0.4673377425686775,3.08567049136434e-05,0.12538873707740003,1.925342952566571e-09,-4.754518545781993e-05,0.6574762330650634,1.0,-1.2596623834864469,3602.0,26,385.0,12.833333333333334,18.573402067683134,6.0,344.97126436781605,2.8314032180706796,0.5835372636262514,4.372043010752691,-0.047676982361353905,1.9661697521055135,-2.0802419354838753,13.0,7.630077285928861,5.0,254.0,127.0,0.0,127.0,0.0,0.0,0.0,126.99999999999997,0.0,1.0048591735576156e-14,126.99999999999997,0.0,-3.0,0.0,43.70315820934426,-72.28524496540983,43.5404754,-72.38931777,43.70826852,-72.28253729,398.0,199.0,0.0,199.0,0.0,0.0,-2.842170943040401e-14,198.99999999999997,0.0,1.0048591735576156e-14,198.99999999999997,0.0,-3.0,0.0,693.0,138.6,97.03762157019308,96.0,9416.300000000001,2.159943671938373,38.29999999999998,62.000000000000014,34.07142857142859,-97.98571428571437,130.14285714285725,15.0,0.18315594459749596,1.0,14.0,2.0,7.0,1.0,7.0,1.0,7.0,1.0,26,5,5.0,5.0,5.0
2013-04-07,35,137.0,0.016474266474266475,0.20538248070026735,0.0,0.04218196337859569,13.40793586557915,-1.110592418443361e-05,0.0626471462710492,5.796286582367997e-09,-5.9302047116823486e-05,0.12943090728103077,0.0,184.43657470691284,21.0,5812.0,0.21646182495344507,0.4814687215321415,0.0,0.2318121298137948,2.171921512189034,-2.197477470765786e-05,0.5114621880163982,3.950948238813895e-09,-0.00012805378397157208,0.9861303948026588,0.0,3.9717979870846003,1135.0,24,67.0,11.166666666666666,16.606223732886015,3.0,275.7666666666667,1.9084126025718542,-5.914285714285713,25.95238095238095,2.9285714285714244,-20.557142857142843,35.714285714285694,11.75,0.3405928790270165,3.0,0.0,0.0,0.0,0.0,0.0,0.0,0.0,0.0,0.0,0.0,0.0,0.0,0.0,0.0,0.0,0.0,0.0,0.0,0.0,0.0,475.0,475.0,0.0,475.0,0.0,0.0,inf,0.0,inf,,0.0,0.0,-3.0,0.0,0.0,0.0,0.0,0.0,0.0,0.0,0.0,0.0,0.0,0.0,0.0,0.0,0.0,0.0,0.0,0.0,0.0,0.0,0.0,0.0,0.0,0.0,24,6,5.0,5.0,5.0
2013-04-08,35,652.0,0.07948311593319517,0.38696403155598735,0.0,0.14974116171806318,5.204781263319176,3.95227542817485e-05,-0.08259969937625544,1.2330918839313906e-08,-6.161544203830411e-05,0.05563935862720315,0.0,27.556196202495673,54.0,17202.0,0.515384845851934,0.7367467121953784,0.0,0.5427957179306996,1.046135441467864,4.477026320655059e-05,-0.23174130653898234,1.4573296768803826e-09,-3.869572089009057e-06,0.03881777729256851,1.0,-0.3913721919465254,3273.0,24,221.0,6.696969696969697,7.073210235126835,4.0,50.03030303030301,1.5076902499385614,-0.027740641711229936,7.140819964349374,0.01928491337884128,-0.6448578698341514,10.32925897631781,6.0,1.0899550733550436,13.0,438.0,219.0,96.16652224137046,219.0,9248.0,0.0,135.99999999999994,150.99999999999997,68.0,68.0,150.99999999999991,68.0,-2.0,1.0,43.7063628728788,-72.28423554681818,43.70310335,-72.29157991,43.7088283,-72.2831647,61.0,61.0,0.0,61.0,0.0,0.0,inf,0.0,inf,,0.0,0.0,-3.0,0.0,610.0,152.5,93.33273809334001,125.0,8711.000000000002,1.4200854789540476,38.399999999999984,94.90000000000003,64.00000000000011,-153.6000000000003,158.9000000000001,87.0,-0.9453282571918926,1.0,26.0,3.0,8.666666666666666,1.0,8.0,1.0,9.0,1.0,24,0,5.0,5.0,5.0
2013-04-09,35,1556.0,0.19157842895838464,0.559247295754074,0.0,0.31275753780824467,3.3062245966300368,-5.639596378001709e-07,0.1938683870676722,5.5461685267721625e-09,-4.5604394243716915e-05,0.2548231085676796,0.0,11.128337168280286,236.0,22873.0,0.6673961251167133,0.8003684561578372,0.0,0.6405896656124798,0.669757295083009,-5.147392323583337e-06,0.7555992662774761,2.4235254537260644e-09,-8.820403314822933e-05,1.2299911131209136,1.0,-1.122031203865994,3737.0,25,241.0,5.878048780487805,5.455250324005395,4.0,29.759756097560974,1.7190233368599928,0.02648083623693383,5.348432055749127,0.013366950689696028,-0.5081971913509074,8.823839235070093,6.0,2.235178358088838,13.0,827.0,413.5,178.89801564019652,413.5,32004.5,0.0,252.99999999999991,286.99999999999994,126.50000000000006,126.49999999999994,287.00000000000006,126.5,-2.0,1.0,43.705884621917804,-72.28511947671232,43.7030336,-72.2908973,43.7080564,-72.2830993,61.0,61.0,0.0,61.0,0.0,0.0,inf,0.0,inf,,0.0,0.0,-3.0,0.0,824.0,412.0,179.60512242138307,412.0,32258.0,0.0,253.9999999999999,284.99999999999994,126.99999999999989,126.99999999999989,285.0,127.0,-2.0,1.0,16.0,2.0,8.0,1.0,8.0,1.0,8.0,1.0,25,1,4.0,4.0,4.0
2013-04-10,35,1691.0,0.20449873019712178,0.6883149958640192,0.0,0.4737775335312848,3.377750877954527,3.8043012435147924e-05,0.04722891679022036,5.3133471551160155e-08,-0.00040126453034984447,0.6525214928241428,0.0,10.08526513786167,147.0,28074.0,0.7239298607529654,0.8094186442851609,0.0,0.6551585417164277,0.5423141415103947,1.4631872049052039e-05,0.4402251776578711,4.057782130149641e-09,-0.00014272486117602093,1.4572217444915183,1.0,-1.2677217161355219,3677.0,25,343.0,13.192307692307692,17.971130695132636,8.5,322.96153846153845,3.0090671581058044,-0.2690598290598291,16.555555555555554,0.03492063492063496,-1.1420757020757029,20.047619047619055,12.75,8.333932036888761,8.0,540.0,540.0,0.0,540.0,0.0,0.0,inf,0.0,inf,,0.0,0.0,-3.0,0.0,43.705981200000025,-72.28442318714283,43.7029037,-72.2908385,43.7080738,-72.2830177,538.0,269.0,0.0,269.0,0.0,0.0,-5.684341886080802e-14,269.0,0.0,2.0097183471152313e-14,269.0,0.0,-3.0,0.0,901.0,450.5,125.15790027001891,450.5,15664.5,0.0,-177.0,538.9999999999999,-88.5,-88.49999999999996,539.0,88.5,-2.0,1.0,16.0,2.0,8.0,1.0,8.0,1.0,8.0,1.0,25,2,1.0,1.0,1.0
2013-04-11,35,2199.0,0.2703799336038362,0.7102678292917073,0.0,0.5044803893267539,2.712767985264399,3.1577792103582605e-06,0.25754040333451944,2.893379586241226e-08,-0.00023213184874277816,0.5763970641490118,0.0,6.415192178988299,289.0,32994.0,0.8545675878681136,0.8044439389534674,1.0,0.6471300509189701,0.26890819266486343,6.5400697713129024e-06,0.7283180810026907,1.5572667035543948e-09,-5.35828831195152e-05,1.1151792213787222,2.0,-1.4068881461540588,3864.0,25,345.0,11.5,15.348256106712624,5.5,235.56896551724137,2.0117409976782197,0.042936596218019846,10.877419354838713,-0.05431630382965203,1.618109407277928,3.5266129032258084,14.0,2.592559998464518,15.0,755.0,251.66666666666666,71.5914333795136,293.0,5125.333333333334,-1.7320508075688759,61.99999999999999,189.66666666666677,-61.999999999999886,185.9999999999999,169.0,62.0,-1.5000000000000004,1.0,43.705370622727266,-72.28522428333335,43.7030502,-72.2909009,43.7089524,-72.2831292,269.0,269.0,0.0,269.0,0.0,0.0,inf,0.0,inf,,0.0,0.0,-3.0,0.0,1288.0,257.6,119.5775898736883,197.0,14298.800000000001,2.16114003439346,-54.40000000000001,366.3999999999999,34.5714285714286,-192.68571428571437,435.5428571428572,32.0,0.1764975928076118,1.0,8.0,1.0,8.0,1.0,8.0,1.0,8.0,1.0,25,3,5.0,5.0,5.0
2013-04-12,35,183.0,0.022072126402122784,0.1949175696823094,0.0,0.03799285897085794,9.287829966148827,-2.1536157093918363e-06,0.03099886351755194,-8.181167070314273e-10,4.628571791898696e-06,0.021629271484519087,0.0,87.57789674731677,6.0,13610.0,0.3958581774817486,0.5998926170262249,0.0,0.35987115196257297,1.2442160791725203,-1.3468051047073935e-06,0.41900975723166867,1.869524207600548e-09,-6.56210473620142e-05,0.7872904529923271,1.0,0.49509275567115374,3832.0,25,236.0,7.375,7.443334320481084,5.5,55.403225806451594,2.6441640980383365,-0.14589442815249232,9.63636363636363,0.011180351906158426,-0.49248533724340393,11.369318181818201,6.25,7.413126370587898,15.0,293.0,293.0,0.0,293.0,0.0,0.0,inf,0.0,inf,,0.0,0.0,-3.0,0.0,43.706717821126745,-72.28406619577466,43.705309,-72.285243,43.7081253,-72.2831452,682.0,341.0,0.0,341.0,0.0,0.0,-5.684341886080802e-14,340.99999999999994,0.0,0.0,341.0,0.0,-3.0,0.0,438.0,87.6,23.04994577000128,72.0,531.3,1.0529103979698464,-4.100000000000004,95.79999999999994,11.357142857142861,-49.52857142857146,118.51428571428576,29.0,-1.198856230145356,2.0,16.0,2.0,8.0,1.0,8.0,1.0,8.0,1.0,25,4,1.0,1.0,1.0
2013-04-13,35,906.0,0.10928829915560917,0.5192616119674639,0.0,0.269632621663049,5.000945141970211,3.305626637665791e-05,-0.027713396842449407,5.29660924729045e-09,-1.0847327674132646e-05,0.032932101073042515,0.0,24.1181688936917,38.0,20126.0,0.5352801936221708,0.6771708186670019,0.0,0.45856031765413763,0.8854535893376201,1.9271658086523696e-05,0.17299229325361157,1.307325768172244e-09,-2.9881176145216337e-05,0.48099214468873397,1.0,-0.40920392955077034,4002.0,25,348.0,12.428571428571429,16.95621501141182,5.0,287.51322751322755,2.571395352171684,0.6431308155446086,3.7463054187192153,0.0070312828933518645,0.4532861774241086,4.568965517241374,13.25,6.231489812707485,8.0,293.0,293.0,0.0,293.0,0.0,0.0,inf,0.0,inf,,0.0,0.0,-3.0,0.0,43.70624070000001,-72.28376895294117,43.705299,-72.2852683,43.7086345,-72.2831483,341.0,341.0,0.0,341.0,0.0,0.0,inf,0.0,inf,,0.0,0.0,-3.0,0.0,101.0,101.0,0.0,101.0,0.0,0.0,inf,0.0,inf,,0.0,0.0,-3.0,0.0,8.0,1.0,8.0,1.0,8.0,1.0,8.0,1.0,25,5,1.0,1.0,1.0
2013-04-14,35,714.0,0.08932816214187414,0.496511818101394,0.0,0.24652398551435176,5.583185780075446,1.1001588454539315e-05,0.045365814677535046,-3.313085735176739e-09,3.747976965007177e-05,0.010101290355285132,0.0,29.5919184638605,46.0,7854.0,0.30859298259400414,0.6521028615423287,0.0,0.42523814203169347,1.8794888939101795,-5.238482822526659e-06,0.37525267651065575,1.92072770570975e-09,-5.412100293283981e-05,0.5825878855585495,0.0,1.9571259874237672,1002.0,25,76.0,6.909090909090909,7.091608357129509,2.0,50.290909090909096,0.5504351790536779,-0.9545454545454536,11.681818181818176,0.059440559440559294,-1.5489510489510463,12.57342657342657,13.5,-1.604670440411379,3.0,1040.0,520.0,0.0,520.0,0.0,0.0,0.0,519.9999999999999,0.0,0.0,520.0,0.0,-3.0,0.0,43.70601795757574,-72.28387678787878,43.7006691,-72.2870704,43.708198,-72.2831204,341.0,341.0,0.0,341.0,0.0,0.0,inf,0.0,inf,,0.0,0.0,-3.0,0.0,101.0,101.0,0.0,101.0,0.0,0.0,inf,0.0,inf,,0.0,0.0,-3.0,0.0,16.0,2.0,8.0,1.0,8.0,1.0,8.0,1.0,25,6,4.0,4.0,4.0
2013-04-15,35,409.0,0.049786975045648205,0.29783676018966154,0.0,0.08870673572027396,6.2460510698849925,8.012715308869442e-06,0.01687875327212138,-2.4760663463595853e-09,2.8351124277867057e-05,-0.010961138871608118,0.0,39.1531235852157,22.0,3306.0,0.1432284897322589,0.49390753824814,0.0,0.24394465633833784,3.3131387848005183,-1.6436672595735064e-07,0.1451253639331697,5.322242255166342e-11,-1.3927934608722815e-06,0.14985071210680903,0.0,9.31269260158006,780.0,25,12.0,2.0,1.7888543819998317,1.5,3.2,0.9433411780077239,-0.17142857142857143,2.4285714285714284,-0.37499999999999967,1.7035714285714278,1.17857142857143,1.75,-0.6562499999999996,4.0,520.0,520.0,0.0,520.0,0.0,0.0,inf,0.0,inf,,0.0,0.0,-3.0,0.0,43.70586947945204,-72.28357991232879,43.7053161,-72.2869355,43.7081821,-72.2831456,520.0,130.0,66.86802923171382,98.5,4471.333333333333,1.964659277397179,37.79999999999998,73.30000000000005,37.000000000000064,-73.20000000000019,110.30000000000008,42.5,-0.6834952918324086,1.0,516.0,258.0,0.0,258.0,0.0,0.0,-2.842170943040401e-14,258.0,0.0,2.0097183471152313e-14,257.9999999999999,0.0,-3.0,0.0,16.0,2.0,8.0,1.0,8.0,1.0,8.0,1.0,25,0,1.0,1.0,1.0
2013-04-16,35,1290.0,0.1568770521707406,0.5251667563291348,0.0,0.2758001219532648,3.8140942799791824,5.136023586827088e-05,-0.054264877483720914,-1.1899753719532413e-08,0.0001492000109502663,-0.18832167597523497,0.0,14.943370055097322,144.0,10328.0,0.41429660235067595,0.7820275576266124,0.0,0.6115671008874446,1.4424133270283235,3.677879049109143e-05,-0.04411424233028791,-4.5398981577042025e-09,0.00014994937176634172,-0.5142814222383145,0.0,0.19311888178967873,902.0,25,47.0,4.7,8.273787255879594,1.0,68.45555555555558,2.3584593221760506,-0.1878787878787876,5.545454545454543,0.018939393939393985,-0.3583333333333335,5.772727272727271,1.75,2.5446012704436587,4.0,520.0,520.0,0.0,520.0,0.0,0.0,inf,0.0,inf,,0.0,0.0,-3.0,0.0,43.70578495479453,-72.28481216301368,43.7030386,-72.2909114,43.7089211,-72.2831497,230.0,230.0,0.0,230.0,0.0,0.0,inf,0.0,inf,,0.0,0.0,-3.0,0.0,347.0,173.5,119.50104602052653,173.5,14280.5,0.0,-169.00000000000003,258.0,-84.49999999999994,-84.49999999999994,258.0,84.5,-2.0,1.0,15.0,2.0,7.5,1.0,7.0,1.0,8.0,1.0,25,1,1.0,1.0,1.0
2013-04-17,35,1747.0,0.21312675369037454,0.6460326384927588,0.0,0.4173581699979156,3.0916875929178547,-1.4614052183757652e-06,0.21911559227527838,4.019029393500867e-08,-0.00033086105430970696,0.6690206129925214,0.0,8.60707430033835,151.0,22014.0,0.6316604975466988,0.8013730291870184,0.0,0.6421987319083778,0.7603156109250517,2.1672171939052654e-06,0.5938967379428998,3.8442397558891784e-09,-0.00013180453829883247,1.3720270224706368,1.0,-1.0282434535663902,2899.0,24,247.0,6.861111111111111,10.014711400956317,1.5,100.29444444444445,2.057419031955371,-0.3193050193050192,12.448948948948946,0.028235333962888128,-1.3075417080061045,18.048956851588432,11.0,3.7707593127519266,11.0,243.0,243.0,0.0,243.0,0.0,0.0,inf,0.0,inf,,0.0,0.0,-3.0,0.0,43.70639299455881,-72.28513524058822,43.7007138,-72.2908797,43.7088392,-72.28297235,0.0,0.0,0.0,0.0,0.0,0.0,0.0,0.0,0.0,0.0,0.0,0.0,0.0,0.0,510.0,255.0,19.79898987322333,255.0,392.0,0.0,28.0,240.99999999999997,14.0,14.000000000000007,240.99999999999991,14.0,-2.0,1.0,7.0,2.0,7.0,2.0,7.0,2.0,7.0,2.0,24,2,1.0,1.0,1.0
2013-04-18,35,1698.0,0.20697220867869331,0.5987268777592627,0.0,0.3584738741513551,3.1277876237583206,1.1260489900466945e-05,0.16078730935192811,2.4569844128867792e-08,-0.00019028594148863545,0.43630128106083105,0.0,9.401753495866654,213.0,20235.0,0.7343761341366045,0.9300060338206972,0.0,0.8649112229429038,0.549948876306958,3.3368533289850894e-05,0.2746745352689734,6.379894390110504e-09,-0.00014241669684086382,1.0818803120292155,2.0,-1.6173028485335557,792.0,26,112.0,8.615384615384615,10.029443832523496,5.0,100.58974358974359,2.1650675213703865,1.5274725274725276,-0.5494505494505503,0.3936063936063934,-3.195804195804193,8.10989010989011,8.0,3.0124250410771864,5.0,486.0,243.0,0.0,243.0,0.0,0.0,0.0,242.99999999999994,0.0,2.0097183471152313e-14,242.9999999999999,0.0,-3.0,0.0,43.70508491189187,-72.2850271895946,43.7028876,-72.2909213,43.7088184,-72.28305753,460.0,230.0,0.0,230.0,0.0,0.0,-5.684341886080802e-14,229.99999999999994,0.0,0.0,230.0,0.0,-3.0,0.0,1304.0,217.33333333333334,56.22336406394291,223.5,3161.0666666666666,-0.20732874037257207,-20.342857142857138,268.19047619047615,1.678571428571415,-28.735714285714202,273.78571428571405,91.5,-1.7682134812481047,3.0,20.0,5.0,6.666666666666667,1.6666666666666667,6.0,1.0,7.0,2.0,26,3,1.0,2.0,1.5
2013-04-19,35,1539.0,0.18932217984992003,0.6149420189454744,0.0,0.3781536866647362,3.417642012092262,3.4386150412948724e-05,0.049576864571696355,3.7469940379091863e-08,-0.00027016952498830983,0.46209752690270156,0.0,10.948898602953154,153.0,29106.0,0.7404599572606085,0.7616125939086534,1.0,0.5800537432002675,0.4744231389118918,7.824616238026231e-06,0.5866788620265594,2.3077434719059425e-09,-8.288585641218073e-05,1.1809231683580659,1.0,-1.139368556323449,2585.0,24,350.0,14.0,26.081602711489953,6.0,680.25,3.773989037950409,0.6069230769230768,6.716923076923079,0.05501672240802675,-0.7134782608695651,11.778461538461539,11.0,12.5135585479663,8.0,176.0,176.0,0.0,176.0,0.0,0.0,inf,0.0,inf,,0.0,0.0,-3.0,0.0,43.705269984838715,-72.2844360529032,43.7008076,-72.2908749,43.7088039,-72.28296185,558.0,558.0,0.0,558.0,0.0,0.0,inf,0.0,inf,,0.0,0.0,-3.0,0.0,670.0,167.5,115.48881619735594,150.5,13337.666666666666,0.4672388591065281,-68.80000000000007,270.7000000000001,-27.999999999999957,15.199999999999823,242.7,161.0,-1.607905532818646,1.0,0.0,0.0,0.0,0.0,0.0,0.0,0.0,0.0,24,4,1.0,2.0,1.5
2013-04-20,35,0.0,0.0,0.0,0.0,0.0,0.0,0.0,0.0,0.0,0.0,0.0,0.0,-3.0,0.0,750.0,0.033156498673740056,0.22947921729818763,0.0,0.05266071117178882,7.422521966569457,2.1174512147033778e-06,0.009209184161052231,2.67264010851791e-10,-3.9277934467532775e-06,0.03199774145318995,0.0,56.54835061600775,609.0,25,4.0,1.0,0.0,1.0,0.0,0.0,-1.18687833744435e-16,1.0000000000000004,0.0,-1.6498925747464819e-16,1.0,0.0,-3.0,0.0,176.0,176.0,0.0,176.0,0.0,0.0,inf,0.0,inf,,0.0,0.0,-3.0,0.0,43.705361619315056,-72.28315085164384,43.70511044,-72.28356162,43.7057334,-72.28273927,558.0,558.0,0.0,558.0,0.0,0.0,inf,0.0,inf,,0.0,0.0,-3.0,0.0,62.0,62.0,0.0,62.0,0.0,0.0,inf,0.0,inf,,0.0,0.0,-3.0,0.0,6.0,1.0,6.0,1.0,6.0,1.0,6.0,1.0,25,5,4.0,4.0,4.0
2013-04-21,35,1211.0,0.14780910533382155,0.5186938944434408,0.0,0.2690433561329033,4.092334879786067,7.326751820044843e-05,-0.15229464921521524,2.0468479813992623e-08,-9.441026843577914e-05,0.07661347584100812,0.0,17.37582942051171,176.0,13320.0,0.4743758680864703,0.7731818360621923,0.0,0.5978101516165027,1.2165147346179732,5.703701559643419e-05,-0.326366793871869,3.9088265358784575e-09,-5.27150158779611e-05,0.1872178374125641,1.0,-0.23273866954556421,1871.0,26,115.0,3.8333333333333335,6.341343996201509,1.5,40.21264367816092,3.718342530731738,-0.0015572858731925344,3.855913978494624,-0.006649253138407757,0.19127105514063245,2.9560483870967733,2.75,13.204322871871689,10.0,704.0,176.0,82.02438661763951,147.0,6728.0,1.4142135623730947,34.79999999999998,123.80000000000004,58.000000000000114,-139.20000000000033,181.80000000000013,87.0,-1.0,2.0,43.706118031095876,-72.28494240369865,43.7030974,-72.2908306,43.7087644,-72.28300262,806.0,268.6666666666667,250.57001682829758,124.0,62785.333333333336,1.7320508075688765,-217.0,485.66666666666674,216.99999999999986,-650.9999999999999,557.9999999999998,217.0,-1.5000000000000002,1.0,1004.0,167.33333333333334,133.64380519375624,123.0,17860.666666666664,2.3186408000491654,43.82857142857141,57.761904761904745,32.589285714285644,-119.11785714285688,166.39285714285683,14.0,1.0466054354073835,1.0,12.0,2.0,6.0,1.0,6.0,1.0,6.0,1.0,26,6,1.0,2.0,1.5
2013-04-22,35,716.0,0.08755196869650281,0.3797672462925781,0.0,0.14422316135664764,5.183100046911524,-3.5316165735797806e-05,0.23194211230731196,2.3812909498521486e-08,-0.00023003432670520794,0.4972780596549617,0.0,29.82618105804238,94.0,12498.0,0.4070611992313455,0.6773591059018867,0.0,0.45881535834820336,1.3890358081934888,-6.662887733349058e-06,0.5093431888259876,4.269015006216797e-09,-0.00013773018645421695,1.1799927118308795,1.0,0.5283478784618443,2286.0,24,159.0,3.533333333333333,4.678772177709563,2.0,21.89090909090909,2.923171258002645,-0.030566534914361013,4.205797101449274,0.004492355954180695,-0.22823019689831162,5.622386679000921,2.0,7.707500814008675,18.0,0.0,0.0,0.0,0.0,0.0,0.0,0.0,0.0,0.0,0.0,0.0,0.0,0.0,0.0,43.705664104166665,-72.28485500972221,43.703081,-72.29078,43.707008,-72.2831606,605.0,302.5,279.30717856868625,302.5,78012.5,0.0,394.9999999999999,105.00000000000001,197.49999999999997,197.49999999999991,105.00000000000001,197.5,-2.0,1.0,0.0,0.0,0.0,0.0,0.0,0.0,0.0,0.0,0.0,0.0,0.0,0.0,0.0,0.0,0.0,0.0,0.0,0.0,0.0,0.0,0.0,0.0,24,0,1.0,2.0,1.5
2013-04-23,35,2083.0,0.25814846945098524,0.6992875418624039,0.0,0.4890030662039633,2.914505430670194,2.6972663108669352e-05,0.14934074647061316,2.5934715887391598e-08,-0.000182268624670806,0.43066565789011735,0.0,7.714736776261498,294.0,29332.0,0.7813115976772681,0.8063400550020072,1.0,0.6501842843006401,0.41646444073166744,1.1655447040532538e-05,0.5625330290029518,2.0276735435957603e-09,-6.446544545959604e-05,1.038796079745425,1.0,-1.3437655073272121,2982.0,25,352.0,11.733333333333333,15.409207577319462,4.5,237.44367816091955,2.1691694837306783,-0.07074527252502798,12.759139784946237,0.0467732003813761,-1.4271680835849345,19.089112903225793,14.75,4.504875879666904,7.0,292.0,292.0,0.0,292.0,0.0,0.0,inf,0.0,inf,,0.0,0.0,-3.0,0.0,43.70571107741936,-72.28511275548391,43.7030737,-72.2909096,43.7088327,-72.2831606,500.0,500.0,0.0,500.0,0.0,0.0,inf,0.0,inf,,0.0,0.0,-3.0,0.0,791.0,263.6666666666667,269.62257571155527,108.0,72696.33333333334,1.7320508075688767,233.50000000000003,30.166666666666675,233.49999999999986,-233.49999999999983,107.99999999999996,233.5,-1.5000000000000002,1.0,6.0,1.0,6.0,1.0,6.0,1.0,6.0,1.0,25,1,3.0,3.0,3.0
2013-04-24,35,1284.0,0.15683400513008428,0.6022014683877297,0.0,0.3626466085283378,3.9779433185946167,4.6465089560493146e-05,-0.03334760644101423,2.988891424968602e-08,-0.00019820556248743628,0.3004239413943697,0.0,14.798437908950486,133.0,23653.0,0.6605322684241391,0.8186047085571089,0.0,0.6701136688718691,0.6965729770020676,2.8134182066714676e-05,0.1568178727016791,4.858628865890862e-09,-0.00014584360036310506,1.1950882819457718,1.0,-1.157030903997006,3224.0,24,268.0,6.871794871794871,7.487461403747241,3.0,56.062078272604595,1.3701497549208173,-0.016396761133603156,7.183333333333329,0.016730095356539514,-0.652140384682104,11.103752345215753,8.5,0.8573000776032131,14.0,243.0,243.0,0.0,243.0,0.0,0.0,inf,0.0,inf,,0.0,0.0,-3.0,0.0,43.70579654909091,-72.28442794878787,43.7029252,-72.2909055,43.7093638,-72.28284328,0.0,0.0,0.0,0.0,0.0,0.0,0.0,0.0,0.0,0.0,0.0,0.0,0.0,0.0,485.0,242.5,12.020815280171307,242.5,144.5,0.0,-17.000000000000057,250.99999999999997,-8.499999999999943,-8.499999999999964,250.99999999999997,8.5,-2.0,1.0,0.0,0.0,0.0,0.0,0.0,0.0,0.0,0.0,24,2,3.0,3.0,3.0
2013-04-25,35,479.0,0.05789219240995891,0.3188864721413983,0.0,0.10168858211478679,6.626602942948869,-3.8857586956198994e-05,0.218626600854276,1.998895229705069e-08,-0.00020422618930969916,0.4466147806323012,0.0,48.86547163431761,79.0,4391.0,0.18905536898303626,0.5578236147175124,0.0,0.31116718513651176,2.7619264261149903,-3.0385124185315647e-05,0.5419026235850138,6.336175617111403e-09,-0.00017754280289272804,1.1115009453018396,0.0,5.9183309564371385,841.0,24,13.0,3.25,2.362907813126304,4.0,5.583333333333332,-1.1938237737069408,0.8999999999999998,1.9000000000000004,-1.750000000000003,6.150000000000006,0.14999999999999705,2.75,-1.1419024281577188,2.0,0.0,0.0,0.0,0.0,0.0,0.0,0.0,0.0,0.0,0.0,0.0,0.0,0.0,0.0,43.70519509833334,-72.28371056138889,43.7030891,-72.290766,43.70559689,-72.28309219,0.0,0.0,0.0,0.0,0.0,0.0,0.0,0.0,0.0,0.0,0.0,0.0,0.0,0.0,0.0,0.0,0.0,0.0,0.0,0.0,0.0,0.0,0.0,0.0,0.0,0.0,0.0,0.0,0.0,0.0,0.0,0.0,0.0,0.0,0.0,0.0,24,3,3.0,3.0,3.0
2013-04-26,35,0.0,0.0,0.0,0.0,0.0,0.0,0.0,0.0,0.0,0.0,0.0,0.0,-3.0,0.0,290.0,0.012899208255493283,0.1418358143413676,0.0,0.020117398229878902,12.011851937481211,9.890590550738676e-07,0.0017816899469354807,-4.896891088493722e-11,2.0899291406781396e-06,-0.0023429033071285265,0.0,152.17856352356756,256.0,24,0.0,0.0,0.0,0.0,0.0,0.0,0.0,0.0,0.0,0.0,0.0,0.0,0.0,0.0,0.0,0.0,0.0,0.0,0.0,0.0,0.0,0.0,0.0,0.0,0.0,0.0,0.0,0.0,43.70535387666668,-72.28318015819445,43.7053177,-72.28348632,43.70553437,-72.2829715,0.0,0.0,0.0,0.0,0.0,0.0,0.0,0.0,0.0,0.0,0.0,0.0,0.0,0.0,0.0,0.0,0.0,0.0,0.0,0.0,0.0,0.0,0.0,0.0,0.0,0.0,0.0,0.0,0.0,0.0,0.0,0.0,0.0,0.0,0.0,0.0,24,4,3.0,3.0,3.0
2013-04-27,35,970.0,0.12021316148221589,0.5713140609526627,0.0,0.3263997562422228,4.659381531943879,7.406443692878523e-05,-0.17856277708850377,3.273583606659092e-08,-0.00019004828845647025,0.17653678219197205,0.0,20.04082622091231,71.0,8173.0,0.31224450811843363,0.6260629574907898,0.0,0.3919548267421144,1.8186907141771094,4.54347693301536e-05,-0.282360318105286,3.6838812086651188e-09,-5.098713742544723e-05,0.13824810948043667,0.0,1.9243871467565858,775.0,24,99.0,12.375,19.309046732407214,6.0,372.8392857142857,2.565863318743647,5.035714285714284,-5.250000000000004,2.1964285714285703,-10.339285714285708,10.125000000000004,9.25,2.6035138442409043,1.0,73.0,73.0,0.0,73.0,0.0,0.0,inf,0.0,inf,,0.0,0.0,-3.0,0.0,43.70576306521738,-72.28404061739128,43.7013413,-72.2880098,43.7088499,-72.2831528,676.0,338.0,134.35028842544403,338.0,18050.0,0.0,-189.99999999999994,432.99999999999994,-95.0,-94.99999999999999,433.0,95.0,-2.0,1.0,63.0,63.0,0.0,63.0,0.0,0.0,inf,0.0,inf,,0.0,0.0,-3.0,0.0,0.0,0.0,0.0,0.0,0.0,0.0,0.0,0.0,24,5,3.0,3.0,3.0
2013-04-28,35,1251.0,0.15336520779698418,0.6425278941668513,0.0,0.41284209478248846,4.098275439819995,-4.111365131872706e-07,0.1550418224977619,9.528649254280677e-09,-7.812679983110048e-05,0.2606703615573592,0.0,15.056602728790594,127.0,23272.0,0.5236841513085353,0.6611859752682583,0.0,0.4371668938914379,0.8871897622816787,-2.9343068208360437e-06,0.5888815145606913,1.2408657493733978e-09,-5.807589899149114e-05,0.997269336441925,1.0,-0.35209840254396507,6727.0,24,435.0,7.5,7.417972485084702,5.5,55.026315789473706,1.858826032843908,-0.032575594450767596,8.428404441846878,0.00879371866252424,-0.5338175582146486,13.106662770309766,8.0,3.4496466870877374,19.0,0.0,0.0,0.0,0.0,0.0,0.0,0.0,0.0,0.0,0.0,0.0,0.0,0.0,0.0,43.69645379404761,-72.27660444690476,43.65860351,-72.2832163,43.7056464,-72.2485701,471.0,471.0,0.0,471.0,0.0,0.0,inf,0.0,inf,,0.0,0.0,-3.0,0.0,0.0,0.0,0.0,0.0,0.0,0.0,0.0,0.0,0.0,0.0,0.0,0.0,0.0,0.0,0.0,0.0,0.0,0.0,0.0,0.0,0.0,0.0,24,6,3.0,3.0,3.0
2013-04-29,35,1467.0,0.18342085521380344,0.6230054185815807,0.0,0.3881357515820106,3.636145084413577,1.978987806989897e-06,0.1755078724675543,-4.492074228417932e-09,3.790210541164811e-05,0.1276343310730799,0.0,12.464017874117985,118.0,29872.0,0.7015170729416185,0.7796386379857982,1.0,0.6078364058403506,0.5748184800685289,7.679818936669516e-06,0.538009887870456,-5.944842998085077e-10,3.2993554906815567e-05,0.35836674160231985,1.0,-1.1343210201824456,5418.0,26,434.0,9.041666666666666,11.605131537995785,5.5,134.6790780141844,3.9272138199142814,-0.18128528006947472,13.301870748299315,-0.009021786327852138,0.24273867733957594,10.051020408163263,10.25,18.553105958892775,17.0,240.0,80.0,0.0,80.0,0.0,0.0,-1.9065862296939057e-14,80.00000000000003,2.869075121791014e-15,-6.161289545564084e-15,80.0,0.0,-3.0,0.0,43.6993459110145,-72.27936579376812,43.65867667,-72.30440054,43.7089831,-72.2486716,246.0,82.0,0.0,82.0,0.0,0.0,-6.355287432313019e-15,82.00000000000001,1.2910838048059564e-14,-1.5035941062792628e-14,81.99999999999993,0.0,-3.0,0.0,648.0,162.0,158.80176321439257,94.5,25218.0,1.80217417639414,106.19999999999999,2.7000000000000455,67.50000000000011,-96.30000000000031,70.20000000000017,130.5,-0.7691951451013117,1.0,22.0,3.0,7.333333333333333,1.0,6.0,1.0,8.0,1.0,26,0,1.0,3.0,2.0
2013-04-30,35,0.0,0.0,0.0,0.0,0.0,0.0,0.0,0.0,0.0,0.0,0.0,0.0,-3.0,0.0,1597.0,0.07074823904664865,0.34967992897924116,0.0,0.12227605273092715,5.006244427482643,9.717317026523897e-06,-0.038921400914699984,6.933689049278517e-10,-5.933405895507571e-06,0.01995401026416202,0.0,23.901296719754516,790.0,25,4.0,1.3333333333333333,0.5773502691896257,1.0,0.3333333333333333,1.7320508075688785,-0.5000000000000004,1.8333333333333341,0.4999999999999998,-1.5,1.9999999999999996,0.5,-1.4999999999999993,1.0,245.0,122.5,60.10407640085654,122.5,3612.5,0.0,84.99999999999999,79.99999999999999,42.500000000000014,42.499999999999986,80.0,42.5,-2.0,1.0,43.70534393835617,-72.28318625616437,43.7053037,-72.2832171,43.7054009,-72.2831472,82.0,82.0,0.0,82.0,0.0,0.0,inf,0.0,inf,,0.0,0.0,-3.0,0.0,586.0,293.0,145.6639969244288,293.0,21218.0,0.0,-206.00000000000003,395.99999999999994,-103.0,-102.99999999999994,395.9999999999999,103.0,-2.0,1.0,14.0,4.0,7.0,2.0,6.0,1.0,8.0,3.0,25,1,1.0,1.0,1.0
2013-05-01,35,958.0,0.11766150822893638,0.5044063639733232,0.0,0.2544257800167886,4.788470987429313,5.886872334644741e-05,-0.12196363015277786,1.51588780806862e-08,-6.453970310841893e-05,0.04546046840432413,0.0,22.947657157942142,134.0,22057.0,0.600092501904451,0.7596969318448498,0.0,0.5771394282544783,0.813010983406644,3.585976681183514e-05,-0.05892036268004966,-5.870322466972226e-10,5.743613703919141e-05,-0.19109001456942437,1.0,-0.8147136534985981,3419.0,24,294.0,11.76,13.345660967770261,7.0,178.10666666666665,2.188134230097604,-0.26692307692307715,14.963076923076926,-0.02094017094017094,0.23564102564102535,13.03658119658119,12.0,4.416360607749339,5.0,0.0,0.0,0.0,0.0,0.0,0.0,0.0,0.0,0.0,0.0,0.0,0.0,0.0,0.0,43.69338860194029,-72.27472529552239,43.6587012,-72.290898,43.7053897,-72.2486668,0.0,0.0,0.0,0.0,0.0,0.0,0.0,0.0,0.0,0.0,0.0,0.0,0.0,0.0,0.0,0.0,0.0,0.0,0.0,0.0,0.0,0.0,0.0,0.0,0.0,0.0,0.0,0.0,0.0,0.0,0.0,0.0,0.0,0.0,0.0,0.0,24,2,1.0,1.0,1.0
2013-05-02,35,602.0,0.073495299719204,0.3270013665419054,0.0,0.10692989372027359,5.608233386646548,-4.567987311885915e-05,0.2605543801409324,1.9864114562918028e-08,-0.00020836697138915775,0.4825951547635114,0.0,37.61969271811153,102.0,9673.0,0.3637970589341457,0.6995127967992367,0.0,0.4893181528858903,1.6221816495737436,-5.3168406278784456e-05,1.0706178520043064,5.4478017957127145e-09,-0.0001980145604231937,1.7124553020438733,0.0,0.9880324043291573,1509.0,25,100.0,4.3478260869565215,4.1408024656204665,3.0,17.146245059288532,1.235076225196294,-0.16304347826086962,6.141304347826087,-0.00985319028797297,0.05372670807453531,5.382608695652173,6.0,0.25203100778159593,7.0,165.0,165.0,0.0,165.0,0.0,0.0,inf,0.0,inf,,0.0,0.0,-3.0,0.0,43.70059193802817,-72.2803138830986,43.6587148,-72.2907934,43.7053881,-72.2486871,82.0,82.0,0.0,82.0,0.0,0.0,inf,0.0,inf,,0.0,0.0,-3.0,0.0,343.0,114.33333333333333,90.64399226277123,62.0,8216.333333333332,1.7320508075688776,-78.50000000000004,192.83333333333343,78.49999999999997,-235.50000000000003,218.99999999999991,78.5,-1.4999999999999996,1.0,12.0,5.0,6.0,2.5,6.0,2.0,6.0,3.0,25,3,1.0,1.0,1.0
2013-05-03,35,1.0,0.00012003360941063497,0.010955985095400366,0.0,0.00012003360941063497,91.27431182978033,1.4942468374405238e-08,5.779822863123716e-05,-2.361663177367699e-11,2.1166901104913445e-07,-0.00021529100035839942,0.0,8326.000120048016,2.0,315.0,0.013916500994035786,0.14203489369544997,0.0,0.020173911027077773,11.316556495102041,1.4300614741086577e-06,-0.0022675047084518866,2.3793349288090015e-10,-3.955325203757639e-06,0.01804707140490609,0.0,137.65468122292575,280.0,24,2.0,1.0,0.0,1.0,0.0,0.0,-1.1102230246251565e-16,0.9999999999999999,0.0,7.850462293418872e-17,0.9999999999999996,0.0,-3.0,0.0,0.0,0.0,0.0,0.0,0.0,0.0,0.0,0.0,0.0,0.0,0.0,0.0,0.0,0.0,43.705349041666665,-72.28318204861111,43.7053119,-72.2832264,43.7053832,-72.2831385,0.0,0.0,0.0,0.0,0.0,0.0,0.0,0.0,0.0,0.0,0.0,0.0,0.0,0.0,0.0,0.0,0.0,0.0,0.0,0.0,0.0,0.0,0.0,0.0,0.0,0.0,0.0,0.0,6.0,2.0,6.0,2.0,6.0,2.0,6.0,2.0,24,4,1.0,1.0,1.0
2013-05-04,35,398.0,0.04812575574365175,0.36086959598426194,0.0,0.13022686530584446,7.772334203878855,2.4292536586425287e-05,-0.0523117367729236,5.824482684722425e-09,-2.3870110733544438e-05,0.014056391233994657,0.0,59.70058647015634,40.0,9807.0,0.3119175598740498,0.5800989345490879,0.0,0.33651477386498696,1.702533076134003,2.4928940353942377e-05,-0.07996538248992463,3.857789332525153e-10,1.2800050692483334e-05,-0.016412022145489556,1.0,1.8089352818866464,2985.0,24,178.0,5.235294117647059,4.645354952869174,3.5,21.579322638146166,1.118658489015955,0.033613445378151176,4.680672268907566,-0.027907754010695226,0.9545693277310937,-0.23109243697479856,6.75,0.5638734599697295,14.0,171.0,85.5,16.263455967290593,85.5,264.5,0.0,22.999999999999986,73.99999999999999,11.500000000000014,11.500000000000004,73.99999999999999,11.5,-2.0,1.0,43.69418736577465,-72.27493024295778,43.6586857,-72.2832166,43.7053785,-72.2486661,317.0,317.0,0.0,317.0,0.0,0.0,inf,0.0,inf,,0.0,0.0,-3.0,0.0,73.0,73.0,0.0,73.0,0.0,0.0,inf,0.0,inf,,0.0,0.0,-3.0,0.0,0.0,0.0,0.0,0.0,0.0,0.0,0.0,0.0,24,5,1.0,1.0,1.0
2013-05-05,35,560.0,0.06798591720286512,0.39236395890362574,0.0,0.1539494762465261,6.4998255578619935,-3.6558487015059856e-05,0.2185337667308815,1.0047552623565398e-08,-0.00011931013042274453,0.33211039730792913,0.0,43.335882719931796,78.0,8090.0,0.28495949277914756,0.5708981950776,0.0,0.3259247491428614,1.8794448143801048,-3.436933081859769e-05,0.7728149590837328,1.3345121457105346e-09,-7.225479612317412e-05,0.95206372392812,0.0,2.423662752919129,1884.0,24,119.0,7.933333333333334,14.478884461107329,4.0,209.63809523809525,3.5634241495654364,0.9821428571428564,1.0583333333333387,0.19190368455074353,-1.7045087265675531,6.879411764705887,6.0,8.864962673871014,6.0,198.0,198.0,0.0,198.0,0.0,0.0,inf,0.0,inf,,0.0,0.0,-3.0,0.0,43.70017854652778,-72.27935108208332,43.6586836,-72.2833588,43.7063959,-72.24867514,0.0,0.0,0.0,0.0,0.0,0.0,0.0,0.0,0.0,0.0,0.0,0.0,0.0,0.0,192.0,192.0,0.0,192.0,0.0,0.0,inf,0.0,inf,,0.0,0.0,-3.0,0.0,0.0,0.0,0.0,0.0,0.0,0.0,0.0,0.0,24,6,1.0,1.0,1.0
2013-05-06,35,659.0,0.0805820494008315,0.41109363108244934,0.0,0.16899797351655296,5.741092170288627,3.4558473029892054e-05,-0.060710267581882096,3.456732864586815e-09,6.29276839616566e-06,-0.022193534067657585,0.0,34.07698597922083,46.0,13456.0,0.4337147461724416,0.7147224703534532,0.0,0.5108282096281428,1.3233420783603371,3.06645029052769e-05,-0.04195302289421366,-1.5435699000488384e-09,7.855221548439202e-05,-0.28955644078452814,1.0,0.21972853199962783,2682.0,24,174.0,7.25,9.953151128728246,2.5,99.06521739130434,2.205689201222814,-0.44173913043478275,12.33,0.03625722103982969,-1.275655214350865,15.387692307692294,6.0,3.7744358165020557,8.0,168.0,168.0,0.0,168.0,0.0,0.0,inf,0.0,inf,,0.0,0.0,-3.0,0.0,43.70579018059702,-72.28447057761196,43.7031635,-72.2909681,43.7087369,-72.2831531,131.0,131.0,0.0,131.0,0.0,0.0,inf,0.0,inf,,0.0,0.0,-3.0,0.0,671.0,335.5,239.7091988222396,335.5,57460.5,0.0,338.9999999999999,165.99999999999997,169.5,169.49999999999994,165.99999999999991,169.5,-2.0,1.0,6.0,1.0,6.0,1.0,6.0,1.0,6.0,1.0,24,0,1.0,1.0,1.0
2013-05-07,35,1069.0,0.12697470008314526,0.5466222817786834,0.0,0.29879591893693436,4.638270515254018,4.4715304617045484e-05,-0.06123201704999921,2.042271777604792e-08,-0.00012720313362172585,0.179940898725957,0.0,20.78740573732657,82.0,25484.0,0.6196566648835287,0.7363537796501513,0.0,0.5422168888050636,0.7347770598371443,1.741059695425816e-05,0.26165126501159547,1.4189522387835017e-09,-4.094381386571335e-05,0.6616123967716804,1.0,-0.817521742651429,4647.0,25,423.0,13.21875,17.717741017810187,4.5,313.91834677419354,1.6324722421110056,0.2160923753665692,9.869318181818178,-0.014959246161807887,0.6798290063826133,7.550635026737961,14.0,1.012052300827996,14.0,231.0,77.0,3.4641016151377544,75.0,12.0,1.7320508075688774,-3.000000000000008,80.00000000000003,2.999999999999991,-8.999999999999977,80.99999999999996,3.0,-1.5,1.0,43.70464351630769,-72.28364305738462,43.65881194,-72.2911866,43.707072,-72.24890032,131.0,131.0,0.0,131.0,0.0,0.0,inf,0.0,inf,,0.0,0.0,-3.0,0.0,202.0,101.0,0.0,101.0,0.0,0.0,0.0,100.99999999999997,0.0,1.0048591735576156e-14,100.99999999999994,0.0,-3.0,0.0,6.0,1.0,6.0,1.0,6.0,1.0,6.0,1.0,25,1,5.0,5.0,5.0
2013-05-08,35,189.0,0.02278481012658228,0.2208926120169141,0.0,0.04879354604365495,11.471556727180504,-1.2645308943304482e-05,0.07522490631446596,3.82331957034205e-09,-4.435592145972148e-05,0.11905425791424042,0.0,141.76748162812606,6.0,5804.0,0.21171664113226818,0.500216879781399,0.0,0.25021692681823854,2.34322613467127,-2.5373883154537202e-05,0.5595037705899326,1.6222644596723026e-09,-6.984501878753398e-05,0.7626775655852165,0.0,4.6237306866141195,1921.0,25,97.0,5.388888888888889,5.112141129517511,3.0,26.133986928104573,0.8101711760474284,0.005159958720330113,5.345029239766082,-0.13493292053663572,2.2990196078431375,-0.7719298245614,8.0,-0.8971577734172524,6.0,75.0,75.0,0.0,75.0,0.0,0.0,inf,0.0,inf,,0.0,0.0,-3.0,0.0,43.69958928383564,-72.27892601246577,43.65861498,-72.2832258,43.705393,-72.24866554,352.0,176.0,0.0,176.0,0.0,0.0,0.0,175.99999999999994,0.0,0.0,175.99999999999997,0.0,-3.0,0.0,101.0,101.0,0.0,101.0,0.0,0.0,inf,0.0,inf,,0.0,0.0,-3.0,0.0,6.0,1.0,6.0,1.0,6.0,1.0,6.0,1.0,25,2,1.0,1.0,1.0
2013-05-09,35,0.0,0.0,0.0,0.0,0.0,0.0,0.0,0.0,0.0,0.0,0.0,0.0,-3.0,0.0,946.0,0.040560819791622,0.22736521977706,0.0,0.0516949431642708,6.17209923992683,-4.749386565937829e-06,0.09594341653702305,5.671826254304691e-10,-1.7977219756227224e-05,0.14735779950881286,0.0,41.05427494634581,596.0,24,17.0,5.666666666666667,7.234178138070235,2.0,52.333333333333336,1.6948914255083611,0.4999999999999994,5.166666666666668,-12.49999999999999,25.49999999999999,1.0000000000000053,6.5,-1.5000000000000002,2.0,74.0,74.0,0.0,74.0,0.0,0.0,inf,0.0,inf,,0.0,0.0,-3.0,0.0,43.70533682361112,-72.28318149583335,43.7053035,-72.2832257,43.7053771,-72.283147,0.0,0.0,0.0,0.0,0.0,0.0,0.0,0.0,0.0,0.0,0.0,0.0,0.0,0.0,0.0,0.0,0.0,0.0,0.0,0.0,0.0,0.0,0.0,0.0,0.0,0.0,0.0,0.0,0.0,0.0,0.0,0.0,0.0,0.0,0.0,0.0,24,3,1.0,1.0,1.0
2013-05-10,35,810.0,0.09800362976406533,0.4334480192239945,0.0,0.18787718536920434,5.070827939342287,3.411720479786996e-05,-0.04296866046073328,-5.026273733075205e-09,7.565433092800346e-05,-0.10017220599628193,0.0,26.953140994277312,38.0,12888.0,0.4404045926735921,0.7320991481707751,0.0,0.5359691627523746,1.3136158626536185,2.8593504441837336e-05,0.02203873243284976,-3.69879166493599e-09,0.00013683124493285903,-0.5058367279418626,1.0,0.12516039869999984,1436.0,24,140.0,12.727272727272727,16.395675704836986,7.0,268.8181818181818,2.1458817425675805,-2.2727272727272703,24.090909090909076,0.31235431235431244,-5.396270396270397,28.7762237762238,12.5,2.4772976271662523,3.0,584.0,292.0,43.840620433565945,292.0,1922.0,0.0,-62.00000000000003,322.99999999999994,-31.0,-30.999999999999996,323.0,31.0,-2.0,1.0,43.70570950338028,-72.2843323671831,43.7003102,-72.290975,43.7089861,-72.2831351,81.0,81.0,0.0,81.0,0.0,0.0,inf,0.0,inf,,0.0,0.0,-3.0,0.0,596.0,298.0,56.568542494923804,298.0,3200.0,0.0,-80.00000000000006,337.99999999999994,-40.0,-40.00000000000001,338.0,40.0,-2.0,1.0,8.0,1.0,8.0,1.0,8.0,1.0,8.0,1.0,24,4,1.0,1.0,1.0
2013-05-11,35,1019.0,0.12431377333170672,0.5671506558183562,0.0,0.3216598663951916,4.665457951273387,2.9170562381325872e-05,0.004772808693033345,8.667751317995516e-09,-4.1870327420965385e-05,0.10180282401466273,0.0,20.40464063470695,44.0,17011.0,0.4917326704052726,0.6615623301467131,0.0,0.4376647166691486,1.0029414956610596,1.0611012975492422e-05,0.30819928447466843,1.7912422475610718e-09,-5.135343009438774e-05,0.6654449535868834,1.0,-0.17434609051987593,3343.0,24,278.0,8.6875,20.789944064223654,2.0,432.2217741935484,4.874133312276145,0.6044721407624633,-0.6818181818181785,0.05466189408314662,-1.0900465758150817,7.790775401069548,4.25,21.569563195798757,9.0,72.0,72.0,0.0,72.0,0.0,0.0,inf,0.0,inf,,0.0,0.0,-3.0,0.0,43.7026616561194,-72.28474146358211,43.6350731,-72.3161859,43.70984194,-72.2487305,298.0,149.0,69.29646455628166,149.0,4802.0,0.0,97.99999999999994,99.99999999999997,49.0,48.99999999999999,99.99999999999996,49.0,-2.0,1.0,63.0,63.0,0.0,63.0,0.0,0.0,inf,0.0,inf,,0.0,0.0,-3.0,0.0,0.0,0.0,0.0,0.0,0.0,0.0,0.0,0.0,24,5,1.0,1.0,1.0
2013-05-12,35,1119.0,0.1360982729262953,0.596048500490358,0.0,0.35527381493680427,4.4274320708026105,-1.7687549598344372e-05,0.20880294555028975,2.017272175975934e-08,-0.0001835274951853259,0.4360036710044547,0.0,18.11046490670482,44.0,25851.0,0.6842328154363304,0.8040214154022888,0.0,0.6464504364254998,0.6312739903305306,2.1586373748898905e-05,0.2764662153196303,4.665598122882758e-09,-0.00015467992333361184,1.3863269548996602,1.0,-1.1720340600191346,3680.0,25,300.0,6.382978723404255,7.97156138622291,3.0,63.54579093432012,2.5440830067831794,-0.1503237742830714,9.840425531914901,0.013243595310464608,-0.7595291585644433,14.409465914025182,5.5,6.629421362446427,15.0,146.0,73.0,0.0,73.0,0.0,0.0,-1.4210854715202004e-14,72.99999999999999,0.0,5.024295867788078e-15,72.99999999999996,0.0,-3.0,0.0,43.68656400555555,-72.27413807500005,43.6350655,-72.3161613,43.7060995,-72.2486732,384.0,192.0,0.0,192.0,0.0,0.0,-5.684341886080802e-14,191.99999999999997,0.0,-2.0097183471152313e-14,192.0,0.0,-3.0,0.0,612.0,306.0,0.0,306.0,0.0,0.0,-5.684341886080802e-14,305.99999999999994,0.0,2.0097183471152313e-14,305.9999999999999,0.0,-3.0,0.0,8.0,1.0,8.0,1.0,8.0,1.0,8.0,1.0,25,6,3.0,3.0,3.0
2013-05-13,35,259.0,0.031189788053949903,0.2872122703165823,0.0,0.08249088822040554,9.745536686247425,-2.6698924802403484e-06,0.04227384668566771,5.815665278563643e-09,-5.095736128815426e-05,0.10908760769288456,0.0,95.664838589054,12.0,11607.0,0.398318462594372,0.6995490010391765,0.0,0.48936880485490974,1.459066889507081,-1.1521099276594488e-05,0.5661751185047155,5.393359603496745e-09,-0.00016867820476288624,1.3293824084479775,1.0,0.5888282543613461,2195.0,24,139.0,6.619047619047619,7.242072841916122,4.0,52.44761904761905,1.6487401249803897,0.3909090909090909,2.7099567099567086,0.05261671966477464,-0.6614253023864016,6.042348955392437,4.0,1.2165228390668679,7.0,0.0,0.0,0.0,0.0,0.0,0.0,0.0,0.0,0.0,0.0,0.0,0.0,0.0,0.0,43.6980552236111,-72.27845838194446,43.6586755,-72.2907356,43.7053719,-72.24868,0.0,0.0,0.0,0.0,0.0,0.0,0.0,0.0,0.0,0.0,0.0,0.0,0.0,0.0,501.0,501.0,0.0,501.0,0.0,0.0,inf,0.0,inf,,0.0,0.0,-3.0,0.0,0.0,0.0,0.0,0.0,0.0,0.0,0.0,0.0,24,0,3.0,3.0,3.0
2013-05-14,35,150.0,0.018063583815028903,0.22256496464273115,0.0,0.04953516348642016,12.933831962490217,-7.348132397138444e-06,0.048569355461749154,3.824927975894344e-11,-7.665716166976949e-06,0.049008785537949,0.0,168.60122459966317,6.0,8123.0,0.27039712393062815,0.5395343754454692,0.0,0.2910973422873326,1.8843111901732086,-2.760190327195131e-05,0.684977711075337,9.100442952744569e-10,-5.49396339019961e-05,0.8218440594746566,0.0,2.5933135881753593,2930.0,24,146.0,7.684210526315789,8.23308118088205,6.0,67.78362573099415,1.462475637645084,-0.39824561403508757,11.26842105263158,0.08130620669320342,-1.8617573345127487,15.415037593984948,10.0,1.017586341435777,8.0,0.0,0.0,0.0,0.0,0.0,0.0,0.0,0.0,0.0,0.0,0.0,0.0,0.0,0.0,43.69564111805556,-72.27602920277778,43.6586635,-72.283258,43.7053888,-72.2486755,371.0,371.0,0.0,371.0,0.0,0.0,inf,0.0,inf,,0.0,0.0,-3.0,0.0,349.0,349.0,0.0,349.0,0.0,0.0,inf,0.0,inf,,0.0,0.0,-3.0,0.0,0.0,0.0,0.0,0.0,0.0,0.0,0.0,0.0,24,1,3.0,3.0,3.0
2013-05-15,35,1338.0,0.1627143378329077,0.6269982132537901,0.0,0.3931267594234452,3.9981107950019883,5.9543479772183064e-05,-0.0820689075105369,-4.550776024021178e-10,6.328512781913325e-05,-0.08719558894286634,0.0,14.764298900975163,94.0,28539.0,0.7126376507603566,0.7813601921082682,1.0,0.6105237498114698,0.5506853407550639,4.191207915960411e-05,-0.12656791025239708,3.2419690290863284e-10,2.892928998572506e-05,-0.039918611507732696,1.0,-1.160235232733113,3427.0,24,373.0,14.92,21.642781706610638,8.0,468.4100000000001,2.3547324655045734,0.4230769230769231,9.843076923076918,0.20449646971386107,-4.4848383500557425,28.656752136752146,10.0,3.8573288234337086,6.0,0.0,0.0,0.0,0.0,0.0,0.0,0.0,0.0,0.0,0.0,0.0,0.0,0.0,0.0,43.69463083522388,-72.27631622343283,43.6586793,-72.2910247,43.70541106,-72.248666,537.0,268.5,176.06958851545033,268.5,31000.5,0.0,248.99999999999991,143.99999999999997,124.49999999999997,124.49999999999991,144.0,124.5,-2.0,1.0,0.0,0.0,0.0,0.0,0.0,0.0,0.0,0.0,0.0,0.0,0.0,0.0,0.0,0.0,0.0,0.0,0.0,0.0,0.0,0.0,0.0,0.0,24,2,3.0,3.0,3.0
2013-05-16,35,0.0,0.0,0.0,0.0,0.0,0.0,0.0,0.0,0.0,0.0,0.0,0.0,-3.0,0.0,8387.0,0.3583269247201572,0.6971640321867763,0.0,0.4860376877749244,1.6473334677313596,-3.6134773217886396e-05,0.7811941083024728,1.1147772477679603e-08,-0.0002970483880579775,1.7989311485887196,0.0,1.06444453998673,1243.0,21,79.0,6.583333333333333,8.596599045640966,4.5,73.90151515151516,2.351812719384274,-0.45104895104895154,9.064102564102567,0.3658841158841161,-4.475774225774231,15.77197802197804,7.25,3.5828600297236166,5.0,579.0,579.0,0.0,579.0,0.0,0.0,inf,0.0,inf,,0.0,0.0,-3.0,0.0,43.70521800819672,-72.28367078032788,43.7030251,-72.2907075,43.7054098,-72.2831415,0.0,0.0,0.0,0.0,0.0,0.0,0.0,0.0,0.0,0.0,0.0,0.0,0.0,0.0,0.0,0.0,0.0,0.0,0.0,0.0,0.0,0.0,0.0,0.0,0.0,0.0,0.0,0.0,0.0,0.0,0.0,0.0,0.0,0.0,0.0,0.0,21,3,3.0,3.0,3.0
2013-05-17,35,0.0,0.0,0.0,0.0,0.0,0.0,0.0,0.0,0.0,0.0,0.0,0.0,-3.0,0.0,731.0,0.03233654781916306,0.22588144664458853,0.0,0.051022427938252096,7.509973937229445,2.16769662426703e-06,0.007836156723384944,4.703924812837717e-10,-8.465525415152627e-06,0.04789504855322527,0.0,58.05378084157216,486.0,24,1.0,0.25,0.5,0.0,0.25000000000000006,1.9999999999999998,0.10000000000000002,0.1,-0.25000000000000067,0.8500000000000015,-0.15000000000000105,0.25,-0.6666666666666665,2.0,0.0,0.0,0.0,0.0,0.0,0.0,0.0,0.0,0.0,0.0,0.0,0.0,0.0,0.0,43.70536385055555,-72.28318139694446,43.7053256,-72.2832762,43.70553034,-72.28306938,0.0,0.0,0.0,0.0,0.0,0.0,0.0,0.0,0.0,0.0,0.0,0.0,0.0,0.0,0.0,0.0,0.0,0.0,0.0,0.0,0.0,0.0,0.0,0.0,0.0,0.0,0.0,0.0,0.0,0.0,0.0,0.0,0.0,0.0,0.0,0.0,24,4,3.0,3.0,3.0
2013-05-18,35,6.0,0.0007208939084464737,0.04650184781384557,0.0,0.0021624218501020546,64.49805919169431,3.9118653581994454e-07,-0.0009068332671003154,1.0924231564975554e-10,-5.179280150173209e-07,0.0003539570958191645,0.0,4156.500240355726,2.0,360.0,0.01602136181575434,0.15563249809938368,0.0,0.024221474464654665,10.670927003043861,4.787932139640634e-07,0.01064235945347506,2.77871752195554e-10,-5.764707186117842e-06,0.0340221872849818,0.0,120.75225773663834,278.0,24,2.0,1.0,0.0,1.0,0.0,0.0,-1.1102230246251565e-16,0.9999999999999999,0.0,7.850462293418872e-17,0.9999999999999996,0.0,-3.0,0.0,0.0,0.0,0.0,0.0,0.0,0.0,0.0,0.0,0.0,0.0,0.0,0.0,0.0,0.0,43.705363713888886,-72.28317595138888,43.7053333,-72.2832275,43.7053852,-72.283128,0.0,0.0,0.0,0.0,0.0,0.0,0.0,0.0,0.0,0.0,0.0,0.0,0.0,0.0,0.0,0.0,0.0,0.0,0.0,0.0,0.0,0.0,0.0,0.0,0.0,0.0,0.0,0.0,0.0,0.0,0.0,0.0,0.0,0.0,0.0,0.0,24,5,3.0,3.0,3.0
2013-05-19,35,670.0,0.08124166363526131,0.46141018138880746,0.0,0.21289935548925218,5.902028586384042,2.616551659160295e-05,-0.026638761271917697,-4.9538560064858285e-09,6.701501322108508e-05,-0.08277277789026441,0.0,33.816588399181505,40.0,17962.0,0.5807306821855803,0.8108457535179016,0.0,0.6574708359980136,0.9030537734036852,6.399953859303381e-05,-0.4089901823863914,2.938393204050785e-09,-2.6882024815052836e-05,0.05947398312782593,1.0,-0.8803027209518626,2097.0,25,174.0,4.702702702702703,3.6656427726848855,4.0,13.436936936936936,2.0397901167706305,0.12731152204836416,2.411095305832147,0.0014042382463435221,0.07675894517999741,2.705985337564288,2.0,4.704228176150865,19.0,464.0,154.66666666666666,68.12733176437584,194.0,4641.333333333334,-1.732050807568876,58.999999999999986,95.66666666666664,-58.999999999999964,177.0,76.0,59.0,-1.5000000000000002,1.0,43.692941168767135,-72.274987840274,43.6586589,-72.2909357,43.70538285,-72.24706794,214.0,107.0,0.0,107.0,0.0,0.0,-1.4210854715202004e-14,106.99999999999997,0.0,0.0,106.99999999999999,0.0,-3.0,0.0,356.0,118.66666666666667,38.68246803570492,141.0,1496.3333333333333,-1.7320508075688787,33.499999999999986,85.16666666666666,-33.49999999999997,100.49999999999996,73.99999999999996,33.5,-1.4999999999999991,1.0,8.0,1.0,8.0,1.0,8.0,1.0,8.0,1.0,25,6,1.0,1.0,1.0
2013-05-20,35,248.0,0.029940842689846675,0.2115291638960694,0.0,0.044744587178570196,9.321250796033324,1.3018022238963351e-05,-0.023966787401700565,9.431236641815394e-09,-6.509147962855163e-05,0.08383734342578138,0.0,107.04831358939886,18.0,13858.0,0.444123962439509,0.696933730600112,0.0,0.4857166248481895,1.2581472743382738,8.776101782705792e-06,0.307207998527516,5.6591888780090596e-09,-0.00016780190958893274,1.2254430873285957,1.0,0.16071700746914974,2271.0,24,176.0,6.769230769230769,12.57396577793241,3.5,158.10461538461539,4.493643468936504,0.41982905982905977,1.5213675213675233,-0.030616605616605588,1.1852442002441994,-1.5402930402930455,6.5,17.503155768368917,8.0,0.0,0.0,0.0,0.0,0.0,0.0,0.0,0.0,0.0,0.0,0.0,0.0,0.0,0.0,43.70507582916666,-72.28381888194448,43.7009511,-72.2908303,43.7054386,-72.2831355,0.0,0.0,0.0,0.0,0.0,0.0,0.0,0.0,0.0,0.0,0.0,0.0,0.0,0.0,0.0,0.0,0.0,0.0,0.0,0.0,0.0,0.0,0.0,0.0,0.0,0.0,0.0,0.0,0.0,0.0,0.0,0.0,0.0,0.0,0.0,0.0,24,0,1.0,1.0,1.0
2013-05-21,35,17.0,0.002042532740598342,0.04515092177366406,0.0,0.0020386057370115314,22.062767918006156,-1.0108826208161154e-06,0.006248815325814196,1.83096366170453e-10,-2.534610580086623e-06,0.008361972050662506,0.0,484.59028200733746,2.0,7440.0,0.24035665826710603,0.46196553543497515,0.0,0.2134121559297233,1.6742890613716048,-2.2621249106296902e-05,0.5904544200607099,1.1417995896637632e-09,-5.79633718051593e-05,0.7727726503565743,0.0,1.832973929776319,3270.0,26,176.0,10.352941176470589,12.638933778559945,5.0,159.74264705882356,1.570947214492098,-0.7450980392156864,16.313725490196077,-0.1452528379772962,1.5789473684210529,10.50361197110423,15.0,1.2010527100843387,6.0,388.0,194.0,0.0,194.0,0.0,0.0,0.0,193.99999999999994,0.0,0.0,194.0,0.0,-3.0,0.0,43.70536773108108,-72.28318840810812,43.705319,-72.2832468,43.7054553,-72.2831218,214.0,107.0,0.0,107.0,0.0,0.0,-1.4210854715202004e-14,106.99999999999997,0.0,0.0,106.99999999999999,0.0,-3.0,0.0,282.0,141.0,0.0,141.0,0.0,0.0,-4.263256414560601e-14,140.99999999999997,2.842170943040401e-14,2.0097183471152313e-14,140.99999999999997,0.0,-3.0,0.0,16.0,2.0,8.0,1.0,8.0,1.0,8.0,1.0,26,1,1.0,1.0,1.0
2013-05-22,35,0.0,0.0,0.0,0.0,0.0,0.0,0.0,0.0,0.0,0.0,0.0,0.0,-3.0,0.0,409.0,0.021949125254910377,0.17855012893117028,0.0,0.03188014854133753,8.973832793308823,4.1954163036285595e-06,-0.017137470737845075,8.770810184594046e-10,-1.2147234313325525e-05,0.033611906978003,0.0,85.80849273640165,264.0,21,5.0,1.0,0.0,1.0,0.0,0.0,1.216188388897624e-16,0.9999999999999994,1.4700487985321024e-17,-2.0538004496109435e-16,0.9999999999999996,0.0,-3.0,0.0,194.0,194.0,0.0,194.0,0.0,0.0,inf,0.0,inf,,0.0,0.0,-3.0,0.0,43.70535553000002,-72.2832088983333,43.7053243,-72.2832528,43.7053863,-72.283138,107.0,107.0,0.0,107.0,0.0,0.0,inf,0.0,inf,,0.0,0.0,-3.0,0.0,141.0,141.0,0.0,141.0,0.0,0.0,inf,0.0,inf,,0.0,0.0,-3.0,0.0,8.0,1.0,8.0,1.0,8.0,1.0,8.0,1.0,21,2,1.0,1.0,1.0
